Merchant_id,Neg,Norm,Pos,Total,Pos_Ratio
56505,0,346,222,568,0.3908450704225352
34115,1,18,12,31,0.3870967741935484
59705,21,92,70,183,0.3825136612021858
12512,0,35,21,56,0.375
43806,11,21,17,49,0.3469387755102041
49403,59,724,395,1178,0.33531409168081494
51005,0,34,14,48,0.2916666666666667
21008,25,73,39,137,0.2846715328467153
52413,0,8,3,11,0.2727272727272727
42110,4,16,7,27,0.25925925925925924
